{
  "Profiles": [
    {
  "Ansi 5 Color" : {
    "Red Component" : 0.60392156862745094,
    "Color Space" : "sRGB",
    "Blue Component" : 0.88235294117647056,
    "Green Component" : 0.57647058823529407
  },
  "Tags" : [

  ],
  "Ansi 12 Color" : {
    "Red Component" : 0.51372549019607838,
    "Color Space" : "sRGB",
    "Blue Component" : 0.89803921568627454,
    "Green Component" : 0.68627450980392157
  },
  "Use Non-ASCII Font" : false,
  "Ansi 6 Color" : {
    "Red Component" : 0.49803921568627452,
    "Color Space" : "sRGB",
    "Blue Component" : 0.792156862745098,
    "Green Component" : 0.75686274509803919
  },
  "Bold Color" : {
    "Red Component" : 0.90196078431372551,
    "Color Space" : "sRGB",
    "Blue Component" : 0.95294117647058818,
    "Green Component" : 0.93333333333333335
  },
  "Normal Font" : "InconsolataGoNF 24",
  "Link Color" : {
    "Red Component" : 0.51372549019607838,
    "Color Space" : "sRGB",
    "Blue Component" : 0.89803921568627454,
    "Green Component" : 0.68627450980392157
  },
  "Ansi 1 Color" : {
    "Red Component" : 0.87450980392156863,
    "Color Space" : "sRGB",
    "Blue Component" : 0.5490196078431373,
    "Green Component" : 0.5490196078431373
  },
  "Rows" : 25,
  "Default Bookmark" : "Yes",
  "Guid" : "58FDCE7A-F6F7-4133-829E-D47B01AD4225",
  "Blend" : 1,
  "Cursor Guide Color" : {
    "Red Component" : 0.90196078431372551,
    "Color Space" : "sRGB",
    "Blue Component" : 0.95294117647058818,
    "Green Component" : 0.93333333333333335
  },
  "Non-ASCII Anti Aliased" : true,
  "Use Bright Bold" : true,
  "Ansi 10 Color" : {
    "Red Component" : 0.6588235294117647,
    "Color Space" : "sRGB",
    "Blue Component" : 0.57647058823529407,
    "Green Component" : 0.80784313725490198
  },
  "Ambiguous Double Width" : false,
  "Jobs to Ignore" : [
    "rlogin",
    "ssh",
    "slogin",
    "telnet"
  ],
  "Ansi 15 Color" : {
    "Red Component" : 0.90196078431372551,
    "Color Space" : "sRGB",
    "Blue Component" : 0.95294117647058818,
    "Green Component" : 0.93333333333333335
  },
  "Foreground Color" : {
    "Red Component" : 0.77254901960784317,
    "Color Space" : "sRGB",
    "Blue Component" : 0.8666666666666667,
    "Green Component" : 0.83137254901960789
  },
  "Working Directory" : "~",
  "Blinking Cursor" : false,
  "Disable Window Resizing" : true,
  "Sync Title" : false,
  "Prompt Before Closing 2" : false,
  "BM Growl" : true,
  "Command" : "",
  "Description" : "Default",
  "Mouse Reporting" : true,
  "Screen" : -1,
  "Selection Color" : {
    "Red Component" : 0.90196078431372551,
    "Color Space" : "sRGB",
    "Blue Component" : 0.95294117647058818,
    "Green Component" : 0.93333333333333335
  },
  "Only The Default BG Color Uses Transparency" : false,
  "Columns" : 80,
  "Idle Code" : 0,
  "Ansi 13 Color" : {
    "Red Component" : 0.81960784313725488,
    "Color Space" : "sRGB",
    "Blue Component" : 0.76078431372549016,
    "Green Component" : 0.55686274509803924
  },
  "Custom Command" : "No",
  "ASCII Anti Aliased" : true,
  "Non Ascii Font" : "Monaco 12",
  "Vertical Spacing" : 1,
  "Use Bold Font" : true,
  "Option Key Sends" : 0,
  "Selected Text Color" : {
    "Red Component" : 0.60207599401473999,
    "Color Space" : "P3",
    "Blue Component" : 0.61891651153564453,
    "Alpha Component" : 1,
    "Green Component" : 0.61119449138641357
  },
  "Background Color" : {
    "Red Component" : 0.23529411764705882,
    "Color Space" : "sRGB",
    "Blue Component" : 0.33333333333333331,
    "Green Component" : 0.29803921568627451
  },
  "Character Encoding" : 4,
  "Ansi 11 Color" : {
    "Red Component" : 0.85490196078431369,
    "Color Space" : "sRGB",
    "Blue Component" : 0.57647058823529407,
    "Green Component" : 0.85490196078431369
  },
  "Use Italic Font" : true,
  "Unlimited Scrollback" : false,
  "Keyboard Map" : {
    "0xf700-0x260000" : {
      "Action" : 10,
      "Text" : "[1;6A"
    },
    "0x37-0x40000" : {
      "Action" : 11,
      "Text" : "0x1f"
    },
    "0x32-0x40000" : {
      "Action" : 11,
      "Text" : "0x00"
    },
    "0xf709-0x20000" : {
      "Action" : 10,
      "Text" : "[17;2~"
    },
    "0xf70c-0x20000" : {
      "Action" : 10,
      "Text" : "[20;2~"
    },
    "0xf729-0x20000" : {
      "Action" : 10,
      "Text" : "[1;2H"
    },
    "0xf72b-0x40000" : {
      "Action" : 10,
      "Text" : "[1;5F"
    },
    "0xf705-0x20000" : {
      "Action" : 10,
      "Text" : "[1;2Q"
    },
    "0xf703-0x260000" : {
      "Action" : 10,
      "Text" : "[1;6C"
    },
    "0xf700-0x220000" : {
      "Action" : 10,
      "Text" : "[1;2A"
    },
    "0xf701-0x280000" : {
      "Action" : 11,
      "Text" : "0x1b 0x1b 0x5b 0x42"
    },
    "0x38-0x40000" : {
      "Action" : 11,
      "Text" : "0x7f"
    },
    "0x33-0x40000" : {
      "Action" : 11,
      "Text" : "0x1b"
    },
    "0xf703-0x220000" : {
      "Action" : 10,
      "Text" : "[1;2C"
    },
    "0xf701-0x240000" : {
      "Action" : 10,
      "Text" : "[1;5B"
    },
    "0xf70d-0x20000" : {
      "Action" : 10,
      "Text" : "[21;2~"
    },
    "0xf702-0x260000" : {
      "Action" : 10,
      "Text" : "[1;6D"
    },
    "0xf729-0x40000" : {
      "Action" : 10,
      "Text" : "[1;5H"
    },
    "0xf706-0x20000" : {
      "Action" : 10,
      "Text" : "[1;2R"
    },
    "0x34-0x40000" : {
      "Action" : 11,
      "Text" : "0x1c"
    },
    "0xf700-0x280000" : {
      "Action" : 11,
      "Text" : "0x1b 0x1b 0x5b 0x41"
    },
    "0x2d-0x40000" : {
      "Action" : 11,
      "Text" : "0x1f"
    },
    "0xf70e-0x20000" : {
      "Action" : 10,
      "Text" : "[23;2~"
    },
    "0xf702-0x220000" : {
      "Action" : 10,
      "Text" : "[1;2D"
    },
    "0xf703-0x280000" : {
      "Action" : 11,
      "Text" : "0x1b 0x1b 0x5b 0x43"
    },
    "0xf700-0x240000" : {
      "Action" : 10,
      "Text" : "[1;5A"
    },
    "0xf707-0x20000" : {
      "Action" : 10,
      "Text" : "[1;2S"
    },
    "0xf70a-0x20000" : {
      "Action" : 10,
      "Text" : "[18;2~"
    },
    "0x35-0x40000" : {
      "Action" : 11,
      "Text" : "0x1d"
    },
    "0xf70f-0x20000" : {
      "Action" : 10,
      "Text" : "[24;2~"
    },
    "0xf703-0x240000" : {
      "Action" : 10,
      "Text" : "[1;5C"
    },
    "0xf701-0x260000" : {
      "Action" : 10,
      "Text" : "[1;6B"
    },
    "0xf702-0x280000" : {
      "Action" : 11,
      "Text" : "0x1b 0x1b 0x5b 0x44"
    },
    "0xf72b-0x20000" : {
      "Action" : 10,
      "Text" : "[1;2F"
    },
    "0x36-0x40000" : {
      "Action" : 11,
      "Text" : "0x1e"
    },
    "0xf708-0x20000" : {
      "Action" : 10,
      "Text" : "[15;2~"
    },
    "0xf701-0x220000" : {
      "Action" : 10,
      "Text" : "[1;2B"
    },
    "0xf70b-0x20000" : {
      "Action" : 10,
      "Text" : "[19;2~"
    },
    "0xf702-0x240000" : {
      "Action" : 10,
      "Text" : "[1;5D"
    },
    "0xf704-0x20000" : {
      "Action" : 10,
      "Text" : "[1;2P"
    }
  },
  "Window Type" : 0,
  "Blur Radius" : 30,
  "Initial Text" : "tmuxinator start purposemed;",
  "Background Image Location" : "",
  "Blur" : true,
  "Badge Color" : {
    "Red Component" : 0.94901960784313721,
    "Color Space" : "sRGB",
    "Blue Component" : 0.5607843137254902,
    "Green Component" : 0.76470588235294112
  },
  "Scrollback Lines" : 1000,
  "Send Code When Idle" : false,
  "Close Sessions On End" : true,
  "Terminal Type" : "xterm-256color",
  "Visual Bell" : true,
  "Flashing Bell" : false,
  "Silence Bell" : true,
  "Smart Selection Rules" : [
    {
      "notes" : "Word bounded by whitespace",
      "regex" : "\\S+",
      "precision" : "low"
    },
    {
      "notes" : "C++ namespace::identifier",
      "regex" : "([a-zA-Z0-9_]+::)+[a-zA-Z0-9_]+",
      "precision" : "normal"
    },
    {
      "notes" : "Paths",
      "regex" : "\\~?\/?([[:letter:][:number:]._-]+\/+)+[[:letter:][:number:]._-]+\/?",
      "precision" : "normal"
    },
    {
      "notes" : "Quoted string",